{
    "False": {
        "precision": 0.9651980747871158,
        "recall": 0.9696856983448019,
        "f1-score": 0.967436682438074,
        "support": 10754.0
    },
    "True": {
        "precision": 0.7463035019455253,
        "recall": 0.7183520599250937,
        "f1-score": 0.73206106870229,
        "support": 1335.0
    },
    "accuracy": 0.941930680784184,
    "macro avg": {
        "precision": 0.8557507883663206,
        "recall": 0.8440188791349478,
        "f1-score": 0.8497488755701821,
        "support": 12089.0
    },
    "weighted avg": {
        "precision": 0.9410253347140309,
        "recall": 0.941930680784184,
        "f1-score": 0.9414439250274305,
        "support": 12089.0
    }
}